{
  "usersData": [
    {
      "userId": "214408099505766404",
      "joined": "2024-02-24",
      "warnedAndBreak": {
        "warned": false,
        "warnedTimes": 0,
        "break": false,
        "reason": "",
        "breakDays": {}
      },
      "channels": {
        "laddersHosted": {
          "scores": {
            "removedScores": 0,
            "2024-02-24": 0
          },
          "boards": {
            "total": 0,
            "last7Days": 0,
            "last14Days": 0
          }
        },
        "ticketLogs": {
          "scores": {
            "removedScores": 0,
            "2024-02-24": 0
          },
          "boards": {
            "total": 0,
            "last7Days": 0,
            "last14Days": 0
          }
        },
        "zoneWarsHoste": {
          "scores": {
            "removedScores": 0,
            "2024-02-24": 0
          },
          "boards": {
            "total": 0,
            "last7Days": 0,
            "last14Days": 0
          }
        }
      }
    },
    {
      "userId": "1151114207484456991",
      "joined": "2024-02-24",
      "warnedAndBreak": {
        "warned": true,
        "warnedTimes": 0,
        "break": false,
        "reason": "",
        "breakDays": {}
      },
      "channels": {
        "laddersHosted": {
          "scores": {
            "removedScores": 0,
            "2024-02-24": 1
          },
          "boards": {
            "total": 1,
            "last7Days": 1,
            "last14Days": 1
          }
        },
        "ticketLogs": {
          "scores": {
            "removedScores": 0,
            "2024-02-24": 2
          },
          "boards": {
            "total": 2,
            "last7Days": 2,
            "last14Days": 2
          }
        },
        "zoneWarsHoste": {
          "scores": {
            "removedScores": 0,
            "2024-02-24": 0
          },
          "boards": {
            "total": 0,
            "last7Days": 0,
            "last14Days": 0
          }
        }
      }
    },
    {
      "userId": "781534515776454707",
      "joined": "2024-02-24",
      "warnedAndBreak": {
        "warned": false,
        "warnedTimes": 0,
        "break": false,
        "reason": "",
        "breakDays": {}
      },
      "channels": {
        "laddersHosted": {
          "scores": {
            "removedScores": 0,
            "2024-02-24": 5
          },
          "boards": {
            "total": 5,
            "last7Days": 5,
            "last14Days": 5
          }
        },
        "ticketLogs": {
          "scores": {
            "removedScores": 0,
            "2024-02-24": 0
          },
          "boards": {
            "total": 0,
            "last7Days": 0,
            "last14Days": 0
          }
        },
        "zoneWarsHoste": {
          "scores": {
            "removedScores": 0,
            "2024-02-24": 0
          },
          "boards": {
            "total": 0,
            "last7Days": 0,
            "last14Days": 0
          }
        }
      }
    }
  ]
}